Nr.,Düngername,Form,Gewicht,NH4,NO3,P2O5,K2O,CaO,MgO,Na2O,SO4,Fe,Mn,Cu,Zn,B,Mo,Cl,CO3,HCO3,SiO2,UREA,Information
6,Agrolution pHLow 114 10-10-40+TE,Pulver,1,0,0.1,0.1,0.4,0,0,0,0,0.0016,0.0006,0.0001,0.0001,0.0001,6e-05,0,0,0,0,0,Quelle: https://www.duengerexperte.de/de/Agrolution-pHLow-114.html | Gebinde: 25 kg | NPK label: 10-10-40+TE 25 kg | RAW extras: N_total: Gesamtstickstoff (N)=10%
7,Agrolution pHLow 222 20-20-20+TE,Pulver,1,0.029,0.054,0.2,0.2,0,0,0,0,0.0016,0.0006,0.0001,0.0001,0.0001,6e-05,0,0,0,0,0.117,Quelle: https://www.duengerexperte.de/de/Agrolution-pHLow-222.html | Gebinde: 25 kg | NPK label: 20-20-20+TE 25 kg | RAW extras: N_total: Gesamtstickstoff (N)=20%
8,Agrolution Special 313 14-7-14+14CaO+TE,Pulver,1.0,0.0,0.117,0.07,0.14,0.14,0.0,0.0,0.0,0.0016,0.0016,0.0001,0.0001,0.0001,0.0001,0.0,0.0,0.0,0.0,0.023,
9,Agrolution Special 316 13-5-28+2CaO+2.5MgO+TE,Pulver,1,0,0.11,0.05,0.28,0.02,0.025,0,0,0.0016,0.0006,0.0001,0.0001,0.0001,6e-05,0,0,0,0,0.02,Quelle: https://www.duengerexperte.de/de/Agrolution-Special-316.html | Gebinde: 25 kg | NPK label: 13-5-28+2CaO+2.5MgO+TE 25 kg | RAW extras: N_total: Gesamtstickstoff (N)=13%
10,Agrolution Special 324 14-8-22+5CaO+2MgO+TE,Pulver,1,0,0.107,0.08,0.22,0.05,0.02,0,0,0.0016,0.0006,0.0001,0.0001,0.0001,6e-05,0,0,0,0,0.031,Quelle: https://www.duengerexperte.de/de/Agrolution-Special-324.html | Gebinde: 25 kg | NPK label: 14-8-22+5CaO+2MgO+TE 25 kg | RAW extras: N_total: Gesamtstickstoff (N)=14%
11,Aptus Cal Mag Boost,Flüssig,1.1,0.0,0.09,0.0,0.0,0.09,0.02,0.0,0.0,0.0,0.0,0.0,0.0,0.0,0.0,0.0,0.0,0.0,0.0,0.0,
21,Athena Bloom A,Flüssig,1.0,0.002,0.038,0,0.05,0.0447742901,0.0028190413,0,0,0.0006,0.00013,0,0.000045,0.0001,0.000007,0,0,0,0,0,"Quelle (Label): https://cultivatextreme.com/wp-content/uploads/2024/09/Athena-Bloom-A-Label.pdf | Abgeleitet aus: Calcium Ammonium Nitrate; Potassium Nitrate; Iron EDTA; Iron EDDHA (85% ortho-ortho, 15% ortho-para); Zinc EDTA; Manganese EDTA; Sodium Molybdate; Boric Acid; Magnesium Nitrate"
22,Athena Bloom B,Flüssig,1.0,0.002,0.005,0.06,0.05,0,0.0155876404,0,0.0389456729,0,0,0.00005,0,0,0,0,0,0,0,0,Quelle (Label): https://www.htgsupply.com/wp-content/uploads/2024/10/BLOOM-B_5G_LABEL.pdf | Abgeleitet aus: Monopotassium Phosphate; Potassium Nitrate; Copper EDTA; Magnesium Sulfate; Monoammonium Phosphate
23,Athena CaMg,Flüssig,1.0,0,0.02,0,0,0.0293831279,0.0182408558,0,0,0.0006,0,0,0,0,0,0,0,0,0,0,Quelle (Label): https://www.htgsupply.com/wp-content/uploads/2024/10/CALMAG_5G_LABEL.pdf | Abgeleitet aus: Calcium Ammonium Nitrate; Calcium Chloride; Magnesium Nitrate; Iron EDTA
24,Athena Cleanse,Flüssig,1.0,0.0,0.0,0.0,0.0,0.0,0.0,0.0,0.0,0.0,0.0,0.0,0.0,0.0,0.0,0.0,0.0,0.0,0.0,0.0,Quelle: Blended Programm (Nährwerte nicht angegeben)
25,Athena Fade,Flüssig,1.0,0.0,0.0,0.0,0.0,0.0,0.0,0.0,0.0,0.0,0.0,0.0,0.0,0.0,0.0,0.0,0.0,0.0,0.0,0.0,Quelle: Blended Programm (Nährwerte nicht angegeben)
26,Athena Grow A,Flüssig,1.0,0.002,0.038,0,0.01,0.0587662558,0.0031506933,0,0,0.0006,0.00013,0,0.000045,0.0001,0.000007,0,0,0,0,0,"Quelle (Label): https://www.htgsupply.com/wp-content/uploads/2024/10/Grow-A_5G_LABEL.pdf | Abgeleitet aus: Calcium Ammonium Nitrate; Potassium Nitrate; Iron EDTA; Iron EDDHA (85% ortho-ortho, 15% ortho-para); Zinc EDTA; Manganese EDTA; Sodium Molybdate; Boric Acid; Magnesium Nitrate"
27,Athena Grow B,Flüssig,1.0,0.002,0.008,0.03,0.05,0,0.0147585106,0,0.0389456729,0,0,0.00005,0,0,0,0,0,0,0,0,Quelle (Label): https://www.htgsupply.com/wp-content/uploads/2024/10/GROW-B_5G_LABEL.pdf | Abgeleitet aus: Monopotassium Phosphate; Potassium Nitrate; Copper EDTA; Magnesium Sulfate; Monoammonium Phosphate
28,Athena PK,Flüssig,1.15,0.0,0.0,0.045,0.05,0.0,0.009,0.0,0.0,0.0,0.0,0.0,0.0,0.0,0.0,0.0,0.0,0.0,0.0,0.0,"Label: PK_32oz-back.pdf (P2O5 4.5%, K2O 5.0%, MgO 0.90%, density 1.15kg/L)"
29,Athena Pro Bloom 0-12-24,Pulver,1.0,0,0,0.12,0.24,0,0.0497477885,0,0.269623889,0.001,0,0,0,0,0,0,0,0,0,0,Quelle (Label): https://www.htgsupply.com/wp-content/uploads/2024/10/PRO_BL_LABEL.pdf | Abgeleitet aus: Monopotassium Phosphate; Potassium Sulfate; Magnesium Sulfate; Iron DTPA
30,Athena Pro Core 14-0-0,Pulver,1.0,0,0.14,0,0,0.2378634163,0,0,0,0.0007,0.00025,0.0001,0.0001,0.00015,0.00002,0,0,0,0,0,Quelle (Label): https://cultivatextreme.com/wp-content/uploads/2024/09/Athena-Pro-Core-Label.pdf | Abgeleitet aus: Calcium Ammonium Nitrate; Iron DTPA; Manganese EDTA; Copper EDTA; Zinc EDTA; Boric Acid; Sodium Molybdate
31,Athena Pro Fade (Finisher),Flüssig,1.0,0,0,0,0,0.0559678627,0,0,0,0.0006,0.00013,0.00005,0.000045,0.0001,0.000007,0.07,0,0,0,0,"Quelle (Label): https://www.htgsupply.com/wp-content/uploads/2024/10/PRO_FADE_5G_LABEL.pdf | Abgeleitet aus: Calcium Chloride; Iron EDTA; Iron DTPA; Iron EDDHA (85% ortho-ortho, 15% ortho-para); Zinc EDTA; Manganese EDTA; Sodium Molybdate; Boric Acid; Copper EDTA"
32,Athena Pro Grow 2-8-20,Pulver,1.0,0,0.02,0.08,0.2,0,0.0497477885,0,0.2396656791,0.001,0,0,0,0,0,0,0,0,0,0,Quelle (Label): https://www.htgsupply.com/wp-content/uploads/2024/10/PRO_GW_LABEL.pdf | Abgeleitet aus: Monopotassium Phosphate; Potassium Nitrate; Potassium Sulfate; Magnesium Sulfate; Iron DTPA
33,Australian Canna Calmag,Flüssig,1.1,0.0,0.025,0.0,0.0,0.05596,0.019896,0.0,0.0,0.0,0.0,0.0,0.0,0.0,0.0,0.0,0.0,0.0,0.0,0.0,nur in Australien f Stiffy
34,Australian[EmeraldHarvest]Cal-Mag,Flüssig,1.1,0.0,0.02,0.0,0.0,0.04197,0.00829,0.0,0.0,0.0,0.0,0.0,0.0,0.0,0.0,0.0,0.0,0.0,0.0,0.0,nur in Australien f Stiffy
37,Biobizz Calmag,Flüssig,1.1,0.0,0.0,0.0,0.0,0.042,0.017,0.0,0.0,0.0,0.0,0.0,0.0,0.0,0.0,0.0,0.0,0.0,0.0,0.0,
38,Biolchim Eisenchelat Fe EDDHA 6%,Pulver,1.0,0.0,0.0,0.0,0.0,0.0,0.0,0.0,0.0,0.06,0.0,0.0,0.0,0.0,0.0,0.0,0.0,0.0,0.0,0.0,Eisenchelat
39,Biolchim Eisenchelat Fe EDTA 13%,Pulver,1.0,0.0,0.0,0.0,0.0,0.0,0.0,0.0,0.0,0.13,0.0,0.0,0.0,0.0,0.0,0.0,0.0,0.0,0.0,0.0,Eisenchelat
40,Biolchim Gold Dry,Pulver,1.0,0.0,0.0,0.0,0.0,0.0,0.0,0.0,0.0,0.0,0.006,0.0,0.005,0.009,0.0,0.0,0.0,0.0,0.44,0.0,Spurennährstoff mit Silicum
41,Biolchim Green-Go 12-12-36,Pulver,1.0,0.0211,0.1,0.12,0.36,0.0,0.01,0.0,0.0,0.0004,0.0002,0.0002,0.0002,0.0002,0.0001,0.0,0.0,0.0,0.0,0.0,Weiches Wasser
42,Biolchim Green-Go 12-8-24+10CaO,Pulver,1.0,0.0105,0.11,0.08,0.24,0.1,0.0,0.0,0.0,0.0004,0.0002,0.0002,0.0002,0.0002,0.0001,0.0,0.0,0.0,0.0,0.0,Weiches Wasser
43,Biolchim Green-Go 19-19-19,Pulver,1.0,0.092,0.103,0.19,0.19,0.0,0.0,0.0,0.0,0.0004,0.0002,0.0002,0.0002,0.0002,0.0001,0.0,0.0,0.0,0.0,0.0,Mittleres Wasser
44,Biolchim Green-Go 19-6-20,Pulver,1.0,0.0762,0.118,0.06,0.2,0.0,0.03,0.0,0.0,0.0004,0.0002,0.0002,0.0002,0.0002,0.0001,0.0,0.0,0.0,0.0,0.0,Mittleres Wasser
45,Biolchim Green-Go 21-7-21,Pulver,1.0,0.09,0.125,0.07,0.21,0.0,0.0,0.0,0.0,0.0004,0.0002,0.0002,0.0002,0.0002,0.0001,0.0,0.0,0.0,0.0,0.0,Mittleres Wasser
46,Biolchim Green-Go 6-12-36,Pulver,1.0,0.0275,0.034,0.12,0.36,0.0,0.03,0.0,0.0,0.0004,0.0002,0.0002,0.0002,0.0002,0.0001,0.0,0.0,0.0,0.0,0.0,Mittleres Wasser
47,Biolchim Green-Go 6-48-18,Pulver,1.0,0.0635,0.0,0.48,0.18,0.0,0.0,0.0,0.0,0.04,0.0002,0.0002,0.0002,0.0002,0.0001,0.0,0.0,0.0,0.0,0.0,Mittleres Wasser
48,Biolchim Green-Go 8-16-24+10CaO,Pulver,1.0,0.0,0.08,0.16,0.24,0.1,0.0,0.0,0.0,0.0004,0.0002,0.0002,0.0002,0.0002,0.0001,0.0002,0.0,0.0,0.0,0.0,Weiches Wasser
49,Biolchim Green-Go 8-24-16+10CaO,Pulver,1.0,0.0105,0.07,0.24,0.16,0.1,0.0,0.0,0.0,0.0004,0.0002,0.0002,0.0002,0.0002,0.0001,0.0,0.0,0.0,0.0,0.0,Weiches Wasser
50,Biolchim K-Bomber 56,Pulver,1.0,0.0,0.0,0.06,0.56,0.0,0.0,0.0,0.0,0.0,0.0,0.0,0.0,0.0,0.0,0.0,0.0,0.0,0.0,0.0,"Kalium,Phosphor"
51,Biolchim Kupferchelat Cu EDTA 15%,Pulver,1.0,0.0,0.0,0.0,0.0,0.0,0.0,0.0,0.0,0.0,0.0,0.15,0.0,0.0,0.0,0.0,0.0,0.0,0.0,0.0,Kupferchelat
52,Biolchim Manganchelat Mn EDTA 13%,Pulver,1.0,0.0,0.0,0.0,0.0,0.0,0.0,0.0,0.0,0.0,0.13,0.0,0.0,0.0,0.0,0.0,0.0,0.0,0.0,0.0,Manganchelat
53,Biolchim Microfol Combi,Pulver,1.0,0.0,0.0,0.0,0.0,0.0,0.09,0.0,0.2696,0.04,0.04,0.015,0.015,0.005,0.001,0.0,0.0,0.0,0.0,0.0,Spurennährstoffe
54,Biolchim Schwefel gepresst,Pulver,1.0,0.0,0.0,0.0,0.0,0.0,0.0,0.0,2.6065,0.0,0.0,0.0,0.0,0.0,0.0,0.0,0.0,0.0,0.0,0.0,Schwefel
55,Biolchim Zinkchelat Zn EDTA 15%,Pulver,1.0,0.0,0.0,0.0,0.0,0.0,0.0,0.0,0.0,0.0,0.0,0.0,0.15,0.0,0.0,0.0,0.0,0.0,0.0,0.0,Zinkchelat
56,Calciumcarbonat CaCO3,Pulver,1.0,0.0,0.0,0.0,0.0,0.56,0.0,0.0,0.0,0.0,0.0,0.0,0.0,0.0,0.0,0.0,0.6,0.0,0.0,0.0,"pH-Plus Regulierung, Härtung"
62,Canna Calmag Agent,Flüssig,1.1,0.0,0.051,0.0,0.0,0.068,0.024,0.0,0.0,0.0,0.0,0.0,0.0,0.0,0.0,0.0,0.0,0.0,0.0,0.0,
64,canna coco,Flüssig,1.17,0.0,0.038,0.0,0.007,0.063,0.006,0.0,0.0,0.00018,0.0,0.0,0.0,0.0,0.0,0.0,0.0,0.0,0.0,0.0,
80,Compo Basafer Plus,Pulver,1.0,0.0,0.0,0.0,0.0,0.0,0.0,0.0,0.0,0.06,0.0,0.0,0.0,0.0,0.0,0.0,0.0,0.0,0.0,0.0,"Boden, Eisenchelat"
81,Compo Basfoliar Aktiv SL,Flüssig,1.37,0.03,0.0,0.0,0.18,0.0,0.0,0.0,0.0,0.0002,0.0001,0.0002,0.0001,0.0001,1e-05,0.005,0.0,0.0,0.0,0.0,"Blatt/Boden,Langzeit"
82,Compo Basfoliar Bor SL,Flüssig,1.36,0.0,0.0,0.0,0.0,0.0,0.0,0.0,0.0,0.0,0.0,0.0,0.0,0.11,0.0,0.0,0.0,0.0,0.0,0.0,"Boden/Blatt, Borchelat"
83,Compo Basfoliar Combi Stipp SL,Flüssig,1.5,0.0,0.09,0.0,0.0,0.15,0.0,0.0,0.0,0.0,0.004,0.0,0.0001,0.002,0.0,0.005,0.0,0.0,0.0,0.0,Blatt/Boden
84,Compo Basfoliar Ferro Top SL 15+0+0(+4+8),Flüssig,1.4,0.15,0.0,0.0,0.0,0.0,0.0,0.0,0.1198,0.08,0.0002,2e-05,0.0,0.0,0.0,0.0,0.0,0.0,0.0,0.0,"Blatt, Langzeit"
85,Compo Basfoliar Fruits SL,Flüssig,1.55,0.0,0.0,0.4,0.15,0.0,0.05,0.0,0.0,0.0005,0.0,0.0,0.0,0.0001,0.0,0.005,0.0,0.0,0.0,0.0,Blatt/Boden
86,Compo Basfoliar Root Boster SL,Flüssig,1.2,0.045,0.155,0.05,0.0,0.0,0.0,0.0,0.0,0.0,0.0,0.0,0.0,0.0,0.0,0.0,0.0,0.0,0.0,0.0,"Blatt/Boden, Aminosäure"
87,Compo Basfoliar Top-N SL,Flüssig,1.25,0.28,0.0,0.0,0.0,0.0,0.0,0.0,0.0,0.0,0.0,0.0,0.0,0.0,0.0,0.0,0.0,0.0,0.0,0.0,"Blatt, Langzeit"
88,Compo Basfoliar Turf Complete SL,Flüssig,1.4,0.075,0.015,0.04,0.06,0.0,0.02,0.0,0.0,0.0005,0.0001,5e-05,5e-05,0.0,8e-05,0.0,0.0,0.0,0.0,0.0,"Blatt/Boden,Langzeit"
91,Compo Easy Start TE-Max ,Pulver,1.0,0.11,0.0,0.48,0.0,0.0,0.0,0.0,0.0,0.006,0.001,0.0,0.01,0.0,0.0,0.01,0.0,0.0,0.0,0.0,"Boden, Spurennährstoffe"
92,Compo Fetrilon 13 ,Pulver,1.0,0.0,0.0,0.0,0.0,0.0,0.0,0.0,0.0,0.13,0.0,0.0,0.0,0.0,0.0,0.0,0.0,0.0,0.0,0.0,"Boden, Eisenchelat"
93,Compo Fetrilon Combi 1 ,Pulver,1.0,0.0,0.0,0.0,0.0,0.0,0.033,0.0,0.0,0.04,0.04,0.015,0.015,0.005,0.001,0.0,0.0,0.0,0.0,0.0,"Boden, Spurennährstoffe"
97,"Compo Hakaphos Amarillo 17-5-19(+1,5)",Pulver,1.0,0.098,0.072,0.05,0.19,0.0,0.02,0.0,0.0,0.0005,0.0005,0.0002,0.0002,0.0001,1e-05,0.005,0.0,0.0,0.0,0.0,Hartes Wasser
98,Compo Hakaphos Azerka 20-7-10(+3),Pulver,1.0,0.119,0.081,0.07,0.1,0.0,0.03,0.0,0.0,0.00075,0.0005,0.0002,0.00015,0.0001,1e-05,0.005,0.0,0.0,0.0,0.0,Hartes Wasser
99,Compo Hakaphos Basis3 3-15-36(+4),Pulver,1.0,0.0,0.03,0.15,0.36,0.0,0.04,0.0,0.0,0.002,0.0005,0.0002,0.00015,0.0001,1e-05,0.005,0.0,0.0,0.0,0.0,Weiches Wasser
100,Compo Hakaphos Basis5 5-20-30(+5),Pulver,1.0,0.01,0.04,0.2,0.3,0.0,0.05,0.0,0.0,0.002,0.001,0.0006,0.00025,0.0003,3e-05,0.005,0.0,0.0,0.0,0.0,Weiches Wasser
101,Compo Hakaphos Blau 15-10-15(+2),Pulver,1.0,0.11,0.04,0.1,0.15,0.0,0.02,0.0,0.0,0.0005,0.0005,0.0002,0.0002,0.0001,1e-05,0.005,0.0,0.0,0.0,0.0,Hartes Wasser
102,Compo Hakaphos Gelb20-0-16(+1),Pulver,1.0,0.114,0.086,0.0,0.16,0.0,0.01,0.0,0.0,0.00075,0.0005,0.0002,0.00015,0.0001,1e-05,0.005,0.0,0.0,0.0,0.0,Hartes Wasser
103,Compo Hakaphos Grün 20-5-10(+2),Pulver,1.0,0.13,0.07,0.05,0.1,0.0,0.02,0.0,0.0,0.0005,0.0005,0.0002,0.0002,0.0001,1e-05,0.005,0.0,0.0,0.0,0.0,Hartes Wasser
104,Compo Hakaphos Rot 8-12-24(+4),Pulver,1.0,0.05,0.03,0.12,0.24,0.0,0.04,0.0,0.0,0.0005,0.0005,0.0002,0.0002,0.0001,1e-05,0.005,0.0,0.0,0.0,0.0,Hartes Wasser
105,Compo Hakaphos Soft Elite 24-6-12(+2),Pulver,1.0,0.11,0.13,0.06,0.12,0.0,0.02,0.0,0.0,0.001,0.0005,0.0002,0.00015,0.0001,1e-05,0.005,0.0,0.0,0.0,0.0,Weiches Wasser
106,Compo Hakaphos Soft Naranja 15-5-30(+2),Pulver,1.0,0.048,0.102,0.05,0.3,0.0,0.02,0.0,0.0,0.0005,0.0005,0.0002,0.0002,0.0001,1e-05,0.005,0.0,0.0,0.0,0.0,Weiches Wasser
107,Compo Hakaphos Soft Novell 11-11-30(+3),Pulver,1.0,0.035,0.075,0.11,0.3,0.0,0.03,0.0,0.0,0.001,0.0005,0.0002,0.00015,0.0001,1e-05,0.005,0.0,0.0,0.0,0.0,Weiches Wasser
108,Compo Hakaphos Soft Plus 14-6-24(+3),Pulver,1.0,0.064,0.076,0.06,0.24,0.0,0.03,0.0,0.0,0.00075,0.0005,0.0002,0.00015,0.0001,1e-05,0.005,0.0,0.0,0.0,0.0,Weiches Wasser
109,Compo Hakaphos Soft16-8-22(+3) Spezial  ,Pulver,1.0,0.063,0.097,0.08,0.22,0.0,0.03,0.0,0.0,0.0015,0.0005,0.0002,0.00015,0.0002,2.5e-05,0.005,0.0,0.0,0.0,0.0,Weiches Wasser
110,Compo Kamasol brillant Blau,Flüssig,1.25,0.066,0.014,0.08,0.06,0.0,0.0004,0.0,0.0,0.0002,0.0001,2e-05,2e-05,0.0001,1e-05,0.005,0.0,0.0,0.0,0.0,"Blatt/Boden,Langzeit"
111,Compo Kamasol brillant Grün,Flüssig,1.2,0.085,0.015,0.04,0.07,0.0,0.002,0.0,0.0,0.0002,0.0001,2e-05,2e-05,0.0001,1e-05,0.005,0.0,0.0,0.0,0.0,"Blatt/Boden,Langzeit"
112,Compo NovaTec 18 fluid,Flüssig,1.2,0.09,0.09,0.0,0.0,0.0,0.0,0.0,0.0,0.0,0.0,0.0,0.0,0.0,0.0,0.0,0.0,0.0,0.0,0.0,Hartes Wasser
113,Compo NovaTec Solub K-Max10-5-30(+2),Pulver,1.0,0.06,0.04,0.05,0.3,0.0,0.02,0.0,0.3595,0.0005,0.0005,0.0002,0.0002,0.0001,1e-05,0.005,0.0,0.0,0.0,0.0,Hartes Wasser
114,Compo NovaTec Solub N-Max 19-5-5(+2),Pulver,1.0,0.16,0.03,0.05,0.05,0.0,0.02,0.0,0.5093,0.0005,0.0005,0.0002,0.0002,0.0001,1e-05,0.005,0.0,0.0,0.0,0.0,Hartes Wasser
115,Compo NovaTec Solub NK-Max16-8-16(+2),Pulver,1.0,0.11,0.05,0.08,0.16,0.0,0.02,0.0,0.3295,0.0005,0.0005,0.0002,0.0002,0.0001,1e-05,0.005,0.0,0.0,0.0,0.0,Hartes Wasser
116,"Compo NovaTec Solub P-Max 13-33-13(+2,5)",Pulver,1.0,0.08,0.05,0.33,0.13,0.0,0.025,0.0,0.0599,0.0005,0.0005,0.0002,0.0002,0.0001,1e-05,0.005,0.0,0.0,0.0,0.0,Hartes Wasser
117,Compo Nutribor,Pulver,1.0,0.0,0.06,0.0,0.0,0.0,0.05,0.0,0.2696,0.0,0.01,0.0,0.001,0.08,0.0004,0.0,0.0,0.0,0.0,0.0,"Boden, Spurennährstoffe"
118,Compo Vitanica MC,Flüssig,1.23,0.09,0.02,0.03,0.07,0.0,0.0,0.0,0.0,0.001,0.005,0.0005,0.0,0.0,0.0,0.0,0.0,0.0,0.0,0.0,Blatt/Boden Langzeit
119,Compo Vitanica P3,Flüssig,1.23,0.05,0.0,0.0,0.1,0.0,0.0,0.0,0.0,0.0002,0.0001,2e-05,2e-05,0.0001,1e-05,0.0,0.0,0.0,0.0,0.0,Blatt/Boden Langzeit
120,Compo Vitanica RZ,Flüssig,1.1,0.05,0.0,0.0,0.05,0.0,0.0,0.0,0.0,0.0,0.0,0.0,0.0,0.0,0.0,0.0,0.0,0.0,0.0,0.0,"Blatt/Boden, Wurzelstimulator,Rhizotonic"
121,Compo Vitanica Si,Flüssig,1.24,0.05,0.0,0.03,0.07,0.0,0.0,0.017,0.0,0.0,0.0,0.0,0.0,0.0,0.0,0.0,0.0,0.0,0.1,0.0,"Blatt/Boden, Langzeit, Silcate"
139,GH Ca-EDTA,Pulver,1.0,0.0,0.0,0.0,0.0,0.12591,0.0,0.0,0.0,0.0,0.0,0.0,0.0,0.0,0.0,0.0,0.0,0.0,0.0,0.0,
140,GHE Cal Mag Supplement,Flüssig,1.154,0.0,0.01,0.0,0.0,0.04,0.01,0.0,0.0,0.0,0.0,0.0,0.0,0.0,0.0,0.0,0.0,0.0,0.0,0.0,masse korrekt laut flasche netto gewicht
141,GHE Flora Bloom 0-5-4,Flüssig,1.2,0.0,0.0,0.05,0.04,0.0,0.03,0.0,0.0599,0.0,0.0,0.0,0.0,0.0,0.0,0.0,0.0,0.0,0.0,0.0,masse korrekt laut flasche netto gewicht
142,GHE Flora Grow 3-1-6,Flüssig,1.174,0.01,0.02,0.01,0.06,0.0,0.008,0.0,0.0,0.0,0.0,0.0,0.0,0.0,0.0,0.0,0.0,0.0,0.0,0.0,masse korrekt laut flasche netto gewicht
143,GHE Flora Micro 5-0-1 Soft,Flüssig,1.136,0.01,0.04,0.0,0.013,0.07,0.0,0.0,0.0,0.0012,0.0005,0.0001,0.00015,0.001,4e-05,0.0,0.0,0.0,0.0,0.0,masse korrekt laut flasche netto gewicht
144,GHE Maxibloom,Pulver,1.0,0.005,0.045,0.15,0.14,0.05,0.035,0.0,0.04,0.001,0.0,0.0,0.0,0.0,0.0,0.0,0.0,0.0,0.0,0.0,
145,GHE Maxigrow,Pulver,1.0,0.015,0.085,0.05,0.14,0.06,0.02,0.0,0.03,0.0012,0.0005,0.0,0.0,2.5e-05,0.0,0.0,0.0,0.0,0.0,0.0,
146,GHE Ripen,Flüssig,1.0,0.0,0.0,0.06,0.05,0.0,0.0,0.0,0.0,0.0,0.0,0.0,0.0,0.0,0.0,0.0,0.0,0.0,0.0,0.0,
147,"Haifa Cal GG Calciumnitrat 15,5% N, 26,5% CaO",Pulver,1,0.011,0.144,0,0,0.265,0,0,0,0,0,0,0,0,0,0,0,0,0,0,"Quelle: https://www.duengerexperte.de/de/haifa-cal-gg.html | RAW extras: N_total: Gesamt-Stickstoff (min.14,6 %)=15,5%; 14,6 %; insoluble_raw: unlösliche Bestandteile (max. )=0,03 %; 0,1%; pH_raw: pH ( Lösung) (min. 4,0)(max.8.0)=10%; 5,5 % | UNMAPPED raw: Nitrat-Stickstoff (min.13,5%)=14,4 %; 13,5%; Ammonium-Stickstoff (max.1,6%=1,1 %; 1,6% | IMPORT ACTION: append as distinct product/alias candidate; similar existing: Yara Tera CALCINIT | KORREKTUR: Werte gegen offizielle Quelle geprüft: https://www.duengerexperte.de/de/haifa-cal-gg.html"
148,Haifa DUO 3-0-9+34CaO,Pulver,1,0,0.03,0,0.09,0.34,0,0,0,0,0,0,0,0,0,0,0,0,0,0,"Quelle: https://www.duengerexperte.de/de/haifa-duo.html | NPK label: 3-0-9+34CaO | RAW extras: N_total: Gesamt-Stickstoff (N)=3,00% | UNMAPPED raw: Nitrat-Stickstoff=3,00 % | KORREKTUR: Werte gegen offizielle Quelle geprüft: https://www.duengerexperte.de/de/haifa-duo.html"
149,Haifa GrowClean - Natriumfreier Polyphosphatdünger 5-31-40 mit Reinigungseffekt,Pulver,1,0,0.05,0.31,0.4,0,0,0,0,0,0,0,0,0,0,0,0,0,0,0,Quelle: https://www.duengerexperte.de/de/haifa-grow-clean.html | NPK label: 5-31-40
150,Haifa MAP Monoammoniumphosphat MAP 12-61-0,Pulver,1,0.12,0,0.61,0,0,0,0,0,0,0,0,0,0,0,0,0,0,0,0,Quelle: https://www.duengerexperte.de/de/haifa-map-monoammoniumphosphat.html | NPK label: 12-61-0 | RAW extras: N_total: N total=12% | UNMAPPED raw: P=27% | IMPORT ACTION: append as distinct product/alias candidate; similar existing: Yara Tera KRISTA MAP / K+S soluMAP NP 12+61
151,HAIFA monokaliumphosphat MKP,Pulver,1.0,0.0,0.0,0.52,0.34,0.0,0.0,0.0,0.0,0.0,0.0,0.0,0.0,0.0,0.0,0.005,0.0,0.0,0.0,0.0,Weiches bis Hartes Wasser
152,Haifa Poly-Feed Allegro 20-5-10(+2)+ME,Pulver,1,0.131,0.071,0.05,0.10,0,0.02,0,0,0.0001,0.0005,0.0001,0.00025,0.00025,2.5e-05,0,0,0,0,0,"Quelle: https://www.duengerexperte.de/de/haifa-polyfeed-allegro20-5-10.html | NPK label: 20-5-10 | RAW extras: N_total: N Gesamt-Stickstoff=20 % | UNMAPPED raw: SO=26,4 % | KORREKTUR: Werte gegen offizielle Quelle geprüft: https://www.duengerexperte.de/de/haifa-polyfeed-allegro20-5-10.html"
153,Haifa Poly-Feed Aria 23-5-11(+2)+ME,Pulver,1,0.116,0.114,0.05,0.11,0,0.02,0,0,0.0001,0.0005,0.0001,0.00025,0.00025,2.5e-05,0,0,0,0,0,"Quelle: https://www.duengerexperte.de/de/haifa-polyfeed-aria.html | NPK label: 23-5-11 | RAW extras: N_total: N Gesamt-Stickstoff=23 % | UNMAPPED raw: SO=11,1 % | KORREKTUR: Werte gegen offizielle Quelle geprüft: https://www.duengerexperte.de/de/haifa-polyfeed-aria.html"
154,Haifa Poly-Feed Ballade 12-12-36(+1)+ME,Pulver,1,0.1,0.02,0.12,0.36,0,0.01,0,0,0.0001,0.0005,0.0001,0.00025,0.00025,2.5e-05,0,0,0,0,0,"Quelle: https://www.duengerexperte.de/de/haifa-polyfeed-ballade.html | NPK label: 12-12-36 | RAW extras: N_total: N Gesamt-Stickstoff=12 % | UNMAPPED raw: SO=1,9 % | KORREKTUR: Werte gegen offizielle Quelle geprüft: https://www.duengerexperte.de/de/haifa-polyfeed-ballade.html"
156,Haifa Poly-Feed Concerto 18-18-18+(2)+ME,Pulver,1,0.096,0.08,0.18,0.18,0,0.02,0,0,0.0001,0.0005,0.0001,0.00025,0.00025,2.5e-05,0,0,0,0,0,"Quelle: https://www.duengerexperte.de/de/haifa-polyfeed-concerto-18-18-18.html | NPK label: 18-18-18+(2)+ME | RAW extras: N_total: N Gesamt-Stickstoff=18 % | UNMAPPED raw: SO=2,9 % | KORREKTUR: Werte gegen offizielle Quelle geprüft: https://www.duengerexperte.de/de/haifa-polyfeed-concerto-18-18-18.html"
158,Haifa Poly-Feed Libretto 15-10-15(+2)+ME,Pulver,1,0.108,0.042,0.10,0.15,0,0.02,0,0,0.0001,0.0005,0.0001,0.00025,0.00025,2.5e-05,0,0,0,0,0,"Quelle: https://www.duengerexperte.de/de/haifa-polyfeed-libretto.html | NPK label: 15-10-15 | RAW extras: N_total: N Gesamt-Stickstoff=15 % | UNMAPPED raw: SO=29,7 % | KORREKTUR: Werte gegen offizielle Quelle geprüft: https://www.duengerexperte.de/de/haifa-polyfeed-libretto.html"
162,Haifa Poly-Feed Polka 9-10-38(+3)+ME,Pulver,1,0,0.091,0.10,0.38,0,0.03,0,0,0.0001,0.0005,0.0001,0.00025,0.00025,2.5e-05,0,0,0,0,0,"Quelle: https://www.duengerexperte.de/de/haifa-polyfeed-Polka-9-10-38.html | NPK label: 9-10-38 | RAW extras: N_total: N Gesamt-Stickstoff=9,1 % | UNMAPPED raw: SO=6,3 % | KORREKTUR: Werte gegen offizielle Quelle geprüft: https://www.duengerexperte.de/de/haifa-polyfeed-Polka-9-10-38.html"
164,Haifa Poly-Feed Sonate 15-5-30(+3)+ME,Pulver,1,0.038,0.112,0.05,0.30,0,0.03,0,0,0.0001,0.0005,0.0001,0.00025,0.00025,2.5e-05,0,0,0,0,0,"Quelle: https://www.duengerexperte.de/de/haifa-polyfeed-sonate-15-5-30.html | NPK label: 15-5-30 | RAW extras: N_total: N Gesamt-Stickstoff=15 % | UNMAPPED raw: SO=5,6 % | KORREKTUR: Werte gegen offizielle Quelle geprüft: https://www.duengerexperte.de/de/haifa-polyfeed-sonate-15-5-30.html"
165,Haifa Poly-Feed Tardo 8-12-24(+4)+ME,Pulver,1,0.06,0.02,0.12,0.24,0,0.04,0,0,0.0001,0.0005,0.0001,0.00025,0.00025,2.5e-05,0,0,0,0,0,"Quelle: https://www.duengerexperte.de/de/haifa-polyfeed-tardo.html | NPK label: 8-12-24 | RAW extras: N_total: N Gesamt-Stickstoff=8 % | UNMAPPED raw: SO=33,8 % | KORREKTUR: Werte gegen offizielle Quelle geprüft: https://www.duengerexperte.de/de/haifa-polyfeed-tardo.html"
167,Haifa SOP Bio Kaliumsulfat wasserlöslich 0-0-52,Pulver,1,0,0,0,0.52,0,0,0,0,0,0,0,0,0,0,0,0,0,0,0,Quelle: https://www.duengerexperte.de/de/kaliumsulfat-wasserloeslich-bio.html | NPK label: 0-0-52 | CHECK: no nutrient rows extracted; use source raw_text/raw_html | IMPORT ACTION: append as distinct product/alias candidate; similar existing: K+S soluSOP 52 / vom Düngerexperten Kaliumsulfat 50 / Yara Tera KRISTA SOP | KORREKTUR: Werte gegen offizielle Quelle geprüft: https://www.duengerexperte.de/de/kaliumsulfat-wasserloeslich-bio.html
168,Haifa Vitaphos-K 4-31-49,Pulver,1,0,0.04,0.31,0.49,0,0,0,0,0,0,0,0,0,0,0,0,0,0,0,Quelle: https://www.duengerexperte.de/de/haifa-vitaphos.html | NPK label: 4-31-49 | UNMAPPED raw: N-Total=4%
170,Hakaphos Basis 2 3+6+40(+4+31),Pulver,1,0,0.03,0.06,0.4,0,0.04,0,0,0.0015,0.0005,0.0002,0.00015,0.0001,1e-05,0,0,0,0,0,"Quelle: https://www.duengerexperte.de/de/Hakaphos-basis-2.html | RAW extras: N_total: N Gesamtstickstoff=3 %; S_raw: S wasserlöslicher Schwefel=31 % | IMPORT ACTION: replace existing row ""Compo Hakaphos Basis2 3-9-40(+4)""; user confirmed candidate scrape is newer/correct"
171,Hakaphos soft Ultra 18-8-18(+3),Pulver,1,0.081,0.099,0.08,0.18,0,0.03,0,0,0.001,0.0005,0.0002,0.0002,0.0001,1e-05,0,0,0,0,0.01,"Quelle: https://www.duengerexperte.de/de/hakaphos-soft-ultra.html | NPK label: 18-8-18 | RAW extras: N_total: N Gesamtstickstoff=18 %; S_raw: S wassserlöslicher Schwefel=2,6 % | IMPORT ACTION: replace existing row ""Compo Hakaphos Soft Ultra 18-12-18(+2,4)""; user confirmed candidate scrape is newer/correct"
172,Harnstoffphosphat 17-44-0,Pulver,1.0,0.03825,0.13175,0.44,0.0,0.0,0.0,0.0,0.0,0.0,0.0,0.0,0.0,0.0,0.0,0.0,0.0,0.0,0.0,0.0,"pH-Minus Regulierung, mit N und P"
175,hesi hydro blüte incomplete,Flüssig,1.1,0.0,0.03,0.039,0.051,0.0,0.0,0.0,0.0,0.0,0.0,0.0,0.0,0.0,0.0,0.0,0.0,0.0,0.0,0.0,nur für NPK werte
176,hesi hydro wuchs incomplete,Flüssig,1.1,0.0,0.03,0.019,0.036,0.0,0.0,0.0,0.0,0.0,0.0,0.0,0.0,0.0,0.0,0.0,0.0,0.0,0.0,0.0,nur für NPK werte INCOMPLETE WEIL HESI LEUTE...
178,hesi pk1314,Flüssig,1.1,0.0,0.0,0.09,0.072,0.0,0.0,0.0,0.0,0.0,0.0,0.0,0.0,0.0,0.0,0.0,0.0,0.0,0.0,0.0,
180,HuminTech AMINO POWER Plus Liquid,Flüssig,1.2,0.02,0.06,0.0,0.0,0.0,0.0,0.0,0.0,0.002,0.001,0.0001,0.0001,0.0005,0.0001,0.0,0.0,0.0,0.0,0.0,Aminosäure und Spurenelemente
181,HuminTech Fulvital Plus Liquid,Flüssig,1.2,0.0,0.0,0.0,0.0,0.0,0.0315,0.0,0.0389,0.012,0.006,0.004,0.008,0.0,0.0,0.0,0.0,0.0,0.0,0.0,Fulvosäuren und Spurenelemente
184,ICL Nova PeKacid 0-60-20,Pulver,1,0,0,0.6,0.2,0,0,0,0,0,0,0,0,0,0,0,0,0,0,0,Quelle: https://www.duengerexperte.de/de/ICL-Duenger-PeKazid-0-60-20.html | NPK label: 0-60-20 | RAW extras: N_total: Gesamtstickstoff (N)=0%
186,"K+S EPSO Bortop Bittersalz+Bor 12,6-",Pulver,1.0,0.0,0.0,0.0,0.0,0.0,0.126,0.0,0.2996,0.0,0.0,0.0,0.0,0.04,0.0,0.0,0.0,0.0,0.0,0.0,"Weiches Wasser,Magnesium mit Schwefel+Bor"
187,K+S EPSO Combitop Bittersalz+Spuren 13-41,Pulver,1.0,0.0,0.0,0.0,0.0,0.0,0.13,0.0,0.4074,0.0,0.04,0.0,0.01,0.0,0.0,0.0,0.0,0.0,0.0,0.0,"Weiches Wasser,Magnesium mit Schwefel+Spuren"
188,K+S EPSO Microtop Bittersalz+Spuren 15-37,Pulver,1.0,0.0,0.0,0.0,0.0,0.0,0.15,0.0,0.3715,0.0,0.01,0.0,0.0,0.0,0.009,0.0,0.0,0.0,0.0,0.0,"Weiches Wasser,Magnesium mit Schwefel+Spuren"
189,K+S EPSO Top Bittersalz 16-39,Pulver,1.0,0.0,0.0,0.0,0.0,0.0,0.16,0.0,0.3895,0.0,0.0,0.0,0.0,0.0,0.0,0.0,0.0,0.0,0.0,0.0,"Weiches Wasser,Magnesium mit Schwefel"
190,K+S soluMAP NP 12+61,Pulver,1.0,0.118,0.0,0.61,0.0,0.0,0.0,0.0,0.0,0.0,0.0,0.0,0.0,0.0,0.0,0.0,0.0,0.0,0.0,0.0,Hartes Wasser
191,"K+S soluMKP PK 51,5-34",Pulver,1.0,0.0,0.0,0.515,0.34,0.0,0.0,0.0,0.0,0.0,0.0,0.0,0.0,0.0,0.0,0.0,0.0,0.0,0.0,0.0,"Weiches Wasser, Kalium mit Phosphor"
192,K+S soluMOP Kaliumchlorid 60,Pulver,1.0,0.0,0.0,0.0,0.6,0.0,0.0,0.0,0.0,0.0,0.0,0.0,0.0,0.0,0.0,0.8,0.0,0.0,0.0,0.0,"Weiches Waser, Kalium mit Chlorid"
193,K+S soluNOP NK 13.5 (+46),Pulver,1.0,0.0,0.135,0.0,0.56,0.0,0.0,0.0,0.0,0.0,0.0,0.0,0.0,0.0,0.0,0.0,0.0,0.0,0.0,0.0,"Weiches Wasser, Nitrat mit Kalium"
194,K+S soluSOP 52 Kaliumsulfat 52 (+54),Pulver,1.0,0.0,0.0,0.0,0.52,0.0,0.0,0.0,0.5393,0.0,0.0,0.0,0.0,0.0,0.0,0.0,0.0,0.0,0.0,0.0,"Weiches Wasser, Kalium mit Schwefel"
195,Kaliumcarbonat K2CO3 100%rein,Pulver,1.0,0.0,0.0,0.0,0.682,0.0,0.0,0.0,0.0,0.0,0.0,0.0,0.0,0.0,0.0,0.0,0.434,0.0,0.0,0.0,pH-Plus Regulierung; Härtung
196,"Kaliumnitrat Multi-K RECI 13,5 - 0 - 46,5",Pulver,1,0,0.135,0,0.465,0,0,0,0,0,0,0,0,0,0,0,0,0,0,0,"Quelle: https://www.duengerexperte.de/de/Kaliumnitrat.html | NPK label: 13,5 - 0 - 46,5 | RAW extras: N_total: Gesamtstickstoff: (N)=13,5 %; Na_raw: Natrium: (Na) typisch , Max.=150 ppm; 300 ppm; pH_raw: pH-Wert: (ige Lösung) 9,1=10 % | UNMAPPED raw: Kalium: (K)=38,6 % | IMPORT ACTION: append as distinct product/alias candidate; similar existing: K+S soluNOP NK 13.5 (+46) / Yara Tera KRISTA K PLUS"
197,Magnesiumcarbonat MgCO3 100%rein,Pulver,1.0,0.0,0.0,0.0,0.0,0.0,0.478,0.0,0.0,0.0,0.0,0.0,0.0,0.0,0.0,0.0,0.712,0.0,0.0,0.0,pH-Plus Regulierung; Härtung
198,Magnesiumcitrat,Pulver,1.0,0.0,0.0,0.0,0.0,0.0,0.265,0.0,0.0,0.0,0.0,0.0,0.0,0.0,0.0,0.0,0.0,0.0,0.0,0.0,benutz ruhig du depp sieh was passiert.
206,Natriumcarbonat Na2CO3 100%rein,Pulver,1.0,0.0,0.0,0.0,0.0,0.0,0.0,0.682,0.0,0.0,0.0,0.0,0.0,0.0,0.0,0.0,0.434,0.0,0.0,0.0,pH-Plus Regulierung; Härtung
209,NovaTec Solub 21,Pulver,1,0.21,0,0,0,0,0,0,0,0,0,0,0,0,0,0,0,0,0,0.008,"Quelle: https://www.duengerexperte.de/de/novatec-solub-21.html | Gebinde: 25 kg | RAW extras: N_total: N Gesamt-Stickstoff=21,0 %; S_raw: S Gesamt- und wasserlöslicher Schwefel=24,0 % | IMPORT ACTION: replace existing row ""Compo NovaTec Solub 25""; user confirmed candidate scrape is newer/correct"
212,Peters Allrounder ,Pulver,1.0,0.045,0.131,0.2,0.2,0.0,0.0,0.0,0.0,0.0012,0.0006,0.00015,0.00015,0.0002,0.0,0.0,0.0,0.0,0.0,0.0,
213,Peters Excel Calmag Finisher 14-5-21+7CaO+2MgO+TE,Pulver,1,0,0.14,0.05,0.21,0.07,0.02,0,0,0.0012,0.0006,0.00015,0.00015,0.0002,0.0001,0,0,0,0,0,"Quelle: https://www.duengerexperte.de/de/peters-excel-calmag-finisher.html | Gebinde: 15 kg | NPK label: 14-5-21+7CaO+2MgO+TE 15 kg | IMPORT ACTION: replace existing row ""Peters Excel Calmag Finisher 13-5-20+7CaO+2MgO+TE""; user confirmed candidate scrape is newer/correct"
214,Peters Excel Extra Acidifier 15-14-25+TE,Pulver,1,0,0.15,0.14,0.25,0,0,0,0,0.0012,0.0006,0.00015,0.00015,0.0002,0.0001,0,0,0,0,0,Quelle: https://www.duengerexperte.de/de/Peters-Excel-Extra-Acidifier.html | Gebinde: 15 kg | NPK label: 15-14-25+TE 15 kg
215,Peters Excel Hard Water Finisher 15-10-26+2MgO+TE,Pulver,1,0,0.15,0.1,0.26,0,0.02,0,0,0.0012,0.0006,0.00015,0.00015,0.0002,0.0001,0,0,0,0,0,Quelle: https://www.duengerexperte.de/de/Peters-Excel-Hard-Water-Finisher.html | Gebinde: 15 kg | NPK label: 15-10-26+2MgO+TE 15 kg
216,Peters Excel Hard Water Grow Special 18-10-18+2MgO+TE,Pulver,1,0,0.18,0.1,0.18,0,0.02,0,0,0.0012,0.0006,0.00015,0.00015,0.0002,0.0001,0,0,0,0,0,Quelle: https://www.duengerexperte.de/de/peters-excel-hard-water-grow-special.html | Gebinde: 15 kg | NPK label: 18-10-18+2MgO+TE 15 kg
217,Peters Excel Soft Water CalMag Grower 15-5-15+7CaO+3MgO+TE,Pulver,1.0,0.035,0.115,0.05,0.15,0.07,0.03,0.0,0.0,0.0012,0.0006,0.00015,0.00015,0.0002,0.0001,0.0,0.0,0.0,0.0,0.0,
218,Peters Professional Combi Sol 6-18-36+3MgO+TE,Pulver,1.0,0.0,0.06,0.18,0.36,0.0,0.03,0.0,0.0,0.0025,0.0006,0.00015,0.00015,0.0002,0.0001,0.0,0.0,0.0,0.0,0.0,Quelle: https://www.duengerexperte.de/de/Peters-Professional-Combi-Sol.html
219,Peters Professional Foliar Feed 27-15-12+TE,Pulver,1,0.029,0.036,0.15,0.12,0,0,0,0,0.0015,0.0007,0.0007,0.0007,0.0003,1e-05,0,0,0,0,0.205,Quelle: https://www.duengerexperte.de/de/Peters-Professional-Foliar-Feed.html | NPK label: 27-15-12+TE | RAW extras: N_total: Gesamtstickstoff (N)=27%
220,Peters Professional Grow-Mix 21-7-21+3MgO+TE,Pulver,1,0.014,0.063,0.07,0.21,0,0.03,0,0,0.0012,0.0006,0.00015,0.00015,0.0002,0.0001,0,0,0,0,0.133,Quelle: https://www.duengerexperte.de/de/Peters-Professional-Grow-Mix.html | NPK label: 21-7-21+3MgO+TE | RAW extras: N_total: Gesamtstickstoff (N)=21%
221,Peters Professional Pot Plant Special 16-11-32+TE,Pulver,1,0.021,0.092,0.11,0.32,0,0,0,0,0.0012,0.0006,0.00015,0.00015,0.0002,0.0001,0,0,0,0,0.047,"Quelle: https://www.duengerexperte.de/de/Peters-Professional-pot-plant-special.html | NPK label: 16-11-32+TE | RAW extras: N_total: Gesamtstickstoff (N)=16%; Na_raw: als Natrium=0,010% | UNMAPPED raw: als Chelat von DTPA=0,120%; als Chelat von EDTA=0,06%; als Borsäure=0,02%; als Chelat von EDTA=0,015%; als EDTA-Chelat=0,015% | IMPORT ACTION: replace existing row ""Peters Professional Pot Plant Special 15-11-29+TE""; user confirmed candidate scrape is newer/correct"
222,Ph- Plagron Universal,Flüssig,1.1,0.0,0.0,0.43,0.0,0.0,0.0,0.0,0.0,0.0,0.0,0.0,0.0,0.0,0.0,0.0,0.0,0.0,0.0,0.0,
223,Phosphorsäure 15%,Flüssig,1.0,0.0,0.0,0.11,0.0,0.0,0.0,0.0,0.0,0.0,0.0,0.0,0.0,0.0,0.0,0.0,0.0,0.0,0.0,0.0,pH-Minus Regulierung
224,Plagron CalMag Pro,Flüssig,1.11,0.0,0.051,0.0,0.0,0.057,0.033,0.0,0.0,0.0,0.0,0.0,0.0,0.0,0.0,0.0,0.0,0.0,0.0,0.0,
225,Plagron Cocos A,Flüssig,1.16,0.006,0.031,0.0,0.028,0.042,0.0,0.0,0.0,0.00025,0.0,0.0,0.0,0.0,0.0,0.0,0.0,0.0,0.0,0.0,TDS 2024-09-19	
226,Plagron Cocos B,Flüssig,1.11,0.0,0.003,0.033,0.021,0.0,0.018,0.0,0.032395,0.0,0.00024,0.00002,0.00009,0.00012,0.000005,0.0,0.0,0.0,0.0,0.0,TDS 2024-09-27	
232,Planta Ferty 1 MEGA,Pulver,1.0,0.11,0.13,0.06,0.12,0.0,0.02,0.0,0.0,0.001,0.0005,0.0004,0.0001,0.0002,2e-05,0.0,0.0,0.0,0.0,0.0,Mittleres Wasser
233,Planta Ferty 2 MEGA,Pulver,1.0,0.05,0.11,0.06,0.26,0.0,0.034,0.0,0.0,0.001,0.0005,0.0004,0.0001,0.0002,2e-05,0.0,0.0,0.0,0.0,0.0,Weiches Wasser
234,Planta Ferty 3 MEGA,Pulver,1.0,0.08,0.1,0.12,0.18,0.0,0.02,0.0,0.0,0.001,0.0005,0.0004,0.0001,0.0002,2e-05,0.0,0.0,0.0,0.0,0.0,Mittleres Wasser
235,Planta Ferty 4 MEGA,Pulver,1.0,0.026,0.074,0.2,0.3,0.0,0.027,0.0,0.0,0.001,0.0005,0.0004,0.0001,0.0002,2e-05,0.0,0.0,0.0,0.0,0.0,Weiches Wasser
236,Planta Ferty 6 MEGA,Pulver,1.0,0.08,0.1,0.18,0.18,0.0,0.0,0.0,0.0,0.001,0.0005,0.0004,0.0001,0.0002,2e-05,0.0,0.0,0.0,0.0,0.0,Mittleres Wasser
237,Planta Ferty 8 MEGA,Pulver,1.0,0.076,0.104,0.0,0.22,0.0,0.033,0.0,0.0,0.001,0.0005,0.0004,0.0001,0.0002,2e-05,0.0,0.0,0.0,0.0,0.0,Mittleres Wasser
238,Planta Ferty Primula,Pulver,1.0,0.02,0.095,0.1,0.35,0.0,0.02,0.0,0.0,0.001,0.0005,0.0004,0.0001,0.0002,2e-05,0.0,0.0,0.0,0.0,0.0,Weiches Wasser
239,Peters Professional Blossom Booster 10-30-20+2MgO+TE,Pulver,1.0,0.048,0.052,0.3,0.2,0.0,0.02,0.0,0.0,0.0012,0.0006,0.00015,0.00015,0.0002,0.0001,0.0,0.0,0.0,0.0,0.0,auf der peterseite mit MgO egal was meine packung sagt
240,Peters Professional Plant Starter 10-52-10+TE,Pulver,1.0,0.076,0.024,0.52,0.1,0.0,0.0,0.0,0.0,0.0012,0.0006,0.00015,0.00015,0.0002,0.0001,0.0,0.0,0.0,0.0,0.0,
244,S3 Kaliwasser 28 Be,Flüssig,1.26,0.0,0.0,0.0,0.08,0.0,0.0,0.0,0.0,0.0,0.0,0.0,0.0,0.0,0.0,0.0,0.0,0.0,0.21,0.0,Kalium /Silcate
245,Salpetersäure 38%,Flüssig,1.0,0.0,0.3739211579,0.0,0.0,0.0,0.0,0.0,0.0,0.0,0.0,0.0,0.0,0.0,0.0,0.0,0.0,0.0,0.0,0.0,pH-Minus Regulierung
246,Salpetersäure 5%,Flüssig,1.0,0.0,0.0492,0.0,0.0,0.0,0.0,0.0,0.0,0.0,0.0,0.0,0.0,0.0,0.0,0.0,0.0,0.0,0.0,0.0,pH-Minus Regulierung
247,Schwefelsäure 20%,Flüssig,1.0,0.0,0.0,0.0,0.0,0.0,0.0,0.0,0.1958,0.0,0.0,0.0,0.0,0.0,0.0,0.0,0.0,0.0,0.0,0.0,pH-Minus Regulierung
248,Solinure BLAU 19-7-20+2MgO+TE,Pulver,1,0.081,0.109,0.07,0.2,0,0.02,0,0,0.0008,0.0002,0.00015,0.00028,0.0002,4e-05,0,0,0,0,0,Quelle: https://www.duengerexperte.de/de/Solinure-BLAU.html | Gebinde: 25 kg | NPK label: 19-7-20+2MgO+TE 25 kg | RAW extras: N_total: Gesamtstickstoff (N)=19%
249,Solinure GT 2 7-19-38+2MgO+TE,Pulver,1,0,0.07,0.19,0.38,0,0.02,0,0,0.0004,0.0001,2e-05,2e-05,0.0001,2e-05,0,0,0,0,0,Quelle: https://www.duengerexperte.de/de/Solinure-GT-2.html | Gebinde: 25 kg | NPK label: 7-19-38+2MgO+TE 25 kg | RAW extras: N_total: Gesamtstickstoff (N)=7%
250,Solinure GT 3 12-5-35+2MgO+TE,Pulver,1,0.021,0.081,0.05,0.35,0,0.02,0,0,0.0004,0.0001,2e-05,2e-05,0.0001,2e-05,0,0,0,0,0.018,Quelle: https://www.duengerexperte.de/de/Solinure-GT-3.html | Gebinde: 25 kg | NPK label: 12-5-35+2MgO+TE 25 kg | RAW extras: N_total: Gesamtstickstoff (N)=12%
251,Solinure GT 4 14-6-23+2MgO+TE,Pulver,1,0.079,0.061,0.06,0.23,0,0.02,0,0,0.0004,0.0001,2e-05,2e-05,0.0001,2e-05,0,0,0,0,0,Quelle: https://www.duengerexperte.de/de/Solinure-GT-4.html | Gebinde: 25 kg | NPK label: 14-6-23+2MgO+TE 25 kg | RAW extras: N_total: Gesamtstickstoff (N)=14%
252,Solinure GT 5 20-20-20+TE,Pulver,1,0.038,0.059,0.2,0.2,0,0,0,0,0.0004,0.0001,2e-05,2e-05,0.0001,2e-05,0,0,0,0,0.103,Quelle: https://www.duengerexperte.de/de/Solinure-GT-5.html | Gebinde: 25 kg | NPK label: 20-20-20+TE 25 kg | RAW extras: N_total: Gesamtstickstoff (N)=20%
253,Solinure GTR 9-0-41+2MgO+TE,Pulver,1,0,0.083,0,0.41,0,0.02,0,0,0.0004,0.0001,2e-05,2e-05,0.0001,2e-05,0,0,0,0,0,Quelle: https://www.duengerexperte.de/de/Solinure-GTR.html | Gebinde: 25 kg | NPK label: 9-0-41+2MgO+TE 25 kg | RAW extras: N_total: Gesamtstickstoff (N)=9%
254,Solinure Orange 6-12-36+3MgO+TE,Pulver,1,0.015,0.045,0.12,0.36,0,0.03,0,0,0.0007,0.0004,0.0001,0.00025,0.0002,4e-05,0,0,0,0,0,Quelle: https://www.duengerexperte.de/de/Solinure-Orange.html | Gebinde: 25 kg | NPK label: 6-12-36+3MgO+TE 25 kg | RAW extras: N_total: Gesamtstickstoff (N)=6%
255,Solinure ROT 12-12-36+TE,Pulver,1,0.019,0.101,0.12,0.36,0,0,0,0,0.0007,0.0004,0.0001,0.00025,0.0005,4e-05,0,0,0,0,0,Quelle: https://www.duengerexperte.de/de/Solinure-ROT.html | Gebinde: 25 kg | NPK label: 12-12-36+TE 25 kg | RAW extras: N_total: Gesamtstickstoff (N)=12%
256,Solinure Weiß 15-5-30+3MgO+TE,Pulver,1,0.034,0.116,0.05,0.3,0,0.03,0,0,0.0007,0.0004,9e-05,0.0002,0.0002,4e-05,0,0,0,0,0,Quelle: https://www.duengerexperte.de/de/Solinure-Weiss.html | Gebinde: 25 kg | NPK label: 15-5-30+3MgO+TE 25 kg | RAW extras: N_total: Gesamtstickstoff (N)=15%
257,Superphosphat 18 %,Pulver,1.0,0.0,0.0,0.18,0.0,0.29,0.0,0.0,0.32956,0.0,0.0,0.0,0.0,0.0,0.0,0.0,0.0,0.0,0.0,0.0,
266,TNC Calmag ,Flüssig,1.1,0.0,0.043,0.0,0.0,0.047,0.017,0.0,0.0,0.0,0.0,0.0,0.0,0.0,0.0,0.0,0.0,0.0,0.0,0.0,
267,Toom Balkon und Kübelpflanzendünger,Flüssig,1.19,0.05,0.05,0.04,0.07,0.0,0.0,0.0,0.0,0.0002,0.0001,2e-05,2e-05,0.0001,1e-05,0.0,0.0,0.0,0.0,0.0,nur in Australien f Stiffy
268,Universol Basis 4-19-35+4.1MgO+TE,Pulver,1.0,0.0,0.04,0.19,0.35,0.0,0.041,0.0,0.18569,0.0012,0.0008,0.0002,0.0002,0.0002,2e-05,0.0,0.0,0.0,0.0,0.0,
269,Universol Blau 18-11-18+2.5MgO+TE,Pulver,1,0.075,0.1,0.11,0.18,0,0.025,0,0,0.001,0.0004,0.0001,0.0001,0.0001,1e-05,0,0,0,0,0.005,"Quelle: https://www.duengerexperte.de/de/universol-blau.html | Gebinde: 25 kg | NPK label: 18-11-18+2.5MgO+TE 25 kg | RAW extras: N_total: Gesamtstickstoff (N)=18%; S_raw: Schwefeltrioxid (SO3 )=8,0%; S_raw: wasserlöslich (SO3 )=8,0% | UNMAPPED raw: 100% Universol=100%; 50%"
270,Universol Grün 23-6-10+2.7MgO+TE,Pulver,1.0,0.115,0.115,0.06,0.1,0.0,0.02,0.0,0.1126,0.12,0.0004,0.0001,0.0001,0.0001,1e-05,0.0,0.0,0.0,0.0,0.0,
271,Universol Hard Water 211 23-10-10+2MgO+TE,Pulver,1,0.08,0.11,0.1,0.1,0,0.02,0,0,0.0012,0.0004,0.0001,0.0001,0.0001,1e-05,0,0,0,0,0.04,Quelle: https://www.duengerexperte.de/de/universol-hard-water-211.html | Gebinde: 25 kg | NPK label: 23-10-10+2MgO+TE 25 kg | RAW extras: N_total: Gesamtstickstoff (N)=23% | UNMAPPED raw: 100% Universol=100%; 50%
272,Universol Hard Water 225 11-10-28+2MgO+TE,Pulver,1,0.017,0.054,0.1,0.28,0,0.02,0,0,0.0032,0.0004,0.0001,0.0001,0.0001,1e-05,0,0,0,0,0.039,Quelle: https://www.duengerexperte.de/de/universol-hard-water-225.html | Gebinde: 25 kg | NPK label: 11-10-28+2MgO+TE 25 kg | RAW extras: N_total: Gesamtstickstoff (N)=11% | UNMAPPED raw: 100% Universol=100%; 50%
273,Universol Jade 8-10-26+4MgO+TE,Pulver,1,0.043,0.035,0.10,0.26,0,0.04,0,0,0.0006,0.0004,0.0001,0.0001,0.0001,1e-05,0,0,0,0,0.002,Quelle: https://www.duengerexperte.de/de/universol-jade-150.html | Gebinde: 25 kg | NPK label: 8-10-26+4MgO+TE 25 kg | RAW extras: N_total: Gesamtstickstoff (N)=20% | KORREKTUR: Werte gegen offizielle Quelle geprüft: https://icl-growingsolutions.com/ornamental-horticulture/products/universol-jade/
274,Universol Lime 23-5-11+3MgO+TE,Pulver,1,0.097,0.133,0.05,0.11,0,0.03,0,0,0.001,0.0004,0.0001,0.0001,0.0001,1e-05,0,0,0,0,0,Quelle: https://www.duengerexperte.de/de/universol-lime.html | Gebinde: 25 kg | NPK label: 23-5-11+3MgO+TE 25 kg | RAW extras: N_total: Gesamtstickstoff (N)=8% | KORREKTUR: Werte gegen offizielle Quelle geprüft: https://icl-growingsolutions.com/de-de/ornamental-horticulture/products/universol-lime/
275,Universol Opal 20-6-10+2MgO+TE,Pulver,1,0.128,0.07,0.06,0.1,0,0.02,0,0,0.0006,0.0004,0.0001,0.0001,0.0001,1e-05,0,0,0,0,0,Quelle: https://www.duengerexperte.de/de/universol-opal.html | Gebinde: 25 kg | NPK label: 20-6-10+2MgO+TE 25 kg | RAW extras: N_total: Gesamtstickstoff (N)=20%
276,Universol Orange 16-5-25+3.4MgO+TE,Pulver,1,0.052,0.104,0.05,0.25,0,0.034,0,0,0.001,0.0004,0.0001,0.0001,0.0001,1e-05,0,0,0,0,0,Quelle: https://www.duengerexperte.de/de/universol-orange.html | Gebinde: 25 kg | NPK label: 16-5-25+3.4MgO+TE 25 kg | RAW extras: N_total: Gesamtstickstoff (N)=16% | UNMAPPED raw: 100% Universol=100%; 50%
277,Universol Saphir 15-11-15+2MgO+TE,Pulver,1,0.099,0.045,0.11,0.15,0,0.02,0,0,0.0006,0.0004,0.0001,0.0001,0.0001,1e-05,0,0,0,0,0,Quelle: https://www.duengerexperte.de/de/universol-saphir.html | Gebinde: 25 kg | NPK label: 15-11-15+2MgO+TE 25 kg | RAW extras: N_total: Gesamtstickstoff (N)=15%
278,Universol Soft Water 113R 11-11-31+2CaO+2MgO+TE,Pulver,1,0.012,0.098,0.11,0.31,0.02,0.02,0,0,0.0012,0.0004,0.0001,0.0001,0.0001,1e-05,0,0,0,0,0,Quelle: https://www.duengerexperte.de/de/universol-soft-water-113.html | Gebinde: 25 kg | NPK label: 11-11-31+2CaO+2MgO+TE 25 kg | RAW extras: N_total: Gesamtstickstoff (N)=11% | UNMAPPED raw: 100% Universol=100%; 50%
279,Universol Soft Water 213R 14-7-22+5CaO+2MgO+TE,Pulver,1.0,0.023,0.117,0.07,0.22,0.05,0.02,0.0,0.0,0.0012,0.0004,0.0001,0.0001,0.0001,1e-05,0.0,0.0,0.0,0.0,0.0,
280,Universol Soft Water 312R 18-7-12+6CaO+2MgO+TE,Pulver,1,0.049,0.12,0.07,0.12,0.06,0.02,0,0,0.0012,0.0004,0.0001,0.0001,0.0001,1e-05,0,0,0,0,0.011,Quelle: https://www.duengerexperte.de/de/Universol-Soft-Water-312R.html | Gebinde: 25 kg | NPK label: 18-7-12+6CaO+2MgO+TE 25 kg | RAW extras: N_total: Gesamtstickstoff (N)=18% | UNMAPPED raw: 100% Universol=100%; 50%
281,Universol Special 127 5-10-36+5MgO+TE,Pulver,1,0,0.05,0.1,0.36,0,0.05,0,0,0.0012,0.0008,0.0002,0.0002,0.0002,2e-05,0,0,0,0,0,Quelle: https://www.duengerexperte.de/de/Universol-Special-127.html | Gebinde: 25 kg | NPK label: 5-10-36+5MgO+TE 25 kg | RAW extras: N_total: Gesamtstickstoff (N)=5% | UNMAPPED raw: 100% Universol=100%; 50%
282,Universol Violett 10-10-30+3.3MgO+TE,Pulver,1,0.032,0.068,0.1,0.3,0,0.033,0,0,0.001,0.0004,0.0001,0.0001,0.0001,1e-05,0,0,0,0,0,"Quelle: https://www.duengerexperte.de/de/universol-violet.html | Gebinde: 25 kg | NPK label: 10-10-30+3.3MgO+TE 25 kg | RAW extras: N_total: Gesamtstickstoff (N)=10%; S_raw: Schwefeltrioxid (SO3 )=15,6%; S_raw: wasserlöslich (SO3 )=15,6% | UNMAPPED raw: 100% Universol=100%; 50%"
283,Universol White 15-0-19+9CaO+2MgO+TE,Pulver,1,0.016,0.133,0,0.19,0.09,0.02,0,0,0.001,0.0004,0.0001,0.0001,0.0001,1e-05,0,0,0,0,0,Quelle: https://www.duengerexperte.de/de/Universol-White.html | Gebinde: 25 kg | NPK label: 15-0-19+9CaO+2MgO+TE 25 kg | RAW extras: N_total: Gesamtstickstoff (N)=15% | UNMAPPED raw: 100% Universol=100%; 50%
284,Universol Yellow 12-30-12+2.2MgO+TE,Pulver,1,0.089,0.031,0.3,0.12,0,0.022,0,0,0.001,0.0004,0.0001,0.0001,0.0001,1e-05,0,0,0,0,0,Quelle: https://www.duengerexperte.de/de/universol-yellow.html | Gebinde: 25 kg | NPK label: 12-30-12+2.2MgO+TE 25 kg | RAW extras: N_total: Gesamtstickstoff (N)=12% | UNMAPPED raw: 100% Universol=100%; 50%
285,vom Düngerexperten Kaliumsulfat 50 (+53.9),Pulver,1.0,0.0,0.0,0.0,0.5,0.0,0.0,0.0,0.5393,0.0,0.0,0.0,0.0,0.0,0.0,0.0,0.0,0.0,0.0,0.0,"Weiches Wasser, Kalium mit Schwefel"
293,Yara FRUITCAL,Flüssig,1.1,0.0,0.069,0.0,0.0,0.1091,0.02,0.0,0.0,0.0,0.0,0.0,0.0,0.0025,0.0,0.0,0.0,0.0,0.0,0.0,"Blatt/Boden, Calciumnitrat, Magnesium,Bor"
294,Yara Magnitra-L Magnesiumnitrat,Flüssig,1.0,0.0,0.07,0.0,0.0,0.0,0.1,0.0,0.0,0.0,0.0,0.0,0.0,0.0,0.0,0.0,0.0,0.0,0.0,0.0,Zum ausgleichen bei hohem Schwefelgehalt
295,Yara Tera CALCINIT,Pulver,1.0,0.011,0.144,0.0,0.0,0.26,0.0,0.0,0.0,0.0,0.0,0.0,0.0,0.0,0.0,0.0,0.0,0.0,0.0,0.0,"Weiches Wasser, Calciumnitrat"
296,Yara Tera KRISTA K PLUS,Pulver,1.0,0.0,0.135,0.0,0.46,0.0,0.0,0.0,0.0,0.0,0.0,0.0,0.0,0.0,0.0,0.005,0.0,0.0,0.0,0.0,Weiches Wasser
297,Yara Tera KRISTA MAG,Pulver,1.0,0.0,0.11,0.0,0.0,0.0,0.15,0.0,0.0,0.0,0.0,0.0,0.0,0.0,0.0,0.0,0.0,0.0,0.0,0.0,"Weiches Wasser, Magesium ohne Schwefel"
298,Yara Tera KRISTA MAP,Pulver,1.0,0.12,0.0,0.61,0.0,0.0,0.0,0.0,0.0,0.0,0.0,0.0,0.0,0.0,0.0,0.0,0.0,0.0,0.0,0.0,Hartes Wasser
299,Yara Tera KRISTA SOP,Pulver,1.0,0.0,0.0,0.0,0.52,0.0,0.0,0.0,0.5392,0.0,0.0,0.0,0.0,0.0,0.0,0.005,0.0,0.0,0.0,0.0,Weiches bis Hartes Wasser
300,Yara Tera KRISTALON AZUR,Pulver,1.0,0.121,0.079,0.05,0.1,0.0,0.02,0.0,0.2996,0.0007,0.0004,0.0001,0.00025,0.00025,4e-05,0.005,0.0,0.0,0.0,0.0,Hartes Wasser
301,Yara Tera KRISTALON AZUR SPEZIAL,Pulver,1.0,0.069,0.091,0.11,0.16,0.0,0.04,0.0,0.1198,0.0007,0.0004,0.0001,0.00025,0.00025,4e-05,0.005,0.0,0.0,0.0,0.0,Mittleres Wasser
302,Yara Tera KRISTALON BLAUMARKE,Pulver,1.0,0.071,0.119,0.06,0.2,0.0,0.03,0.0,0.0898,0.0007,0.0004,0.0001,0.00025,0.00025,4e-05,0.005,0.0,0.0,0.0,0.0,MittleresWasser
303,Yara Tera KRISTALON BRAUN ,Pulver,1.0,0.0,0.03,0.11,0.38,0.0,0.04,0.0,0.3295,0.0007,0.0004,0.0001,0.00025,0.00025,4e-05,0.005,0.0,0.0,0.0,0.0,WeichesWasser
304,Yara Tera KRISTALON GELB,Pulver,1.0,0.086,0.044,0.4,0.13,0.0,0.0,0.0,0.0,0.0007,0.0004,0.0001,0.00025,0.00025,4e-05,0.005,0.0,0.0,0.0,0.0,MittleresWasser
305,Yara Tera KRISTALON GRÜNMARKE,Pulver,1.0,0.09,0.09,0.18,0.18,0.0,0.0,0.0,0.0,0.0014,0.0008,0.0002,0.0005,0.0005,8e-05,0.005,0.0,0.0,0.0,0.0,MittleresWasser
306,Yara Tera KRISTALON ORANGE,Pulver,1.0,0.015,0.045,0.12,0.36,0.0,0.03,0.0,0.2396,0.0007,0.0004,0.0001,0.00025,0.00025,4e-05,0.005,0.0,0.0,0.0,0.0,WeichesWasser
307,Yara Tera KRISTALON ROT,Pulver,1.0,0.019,0.101,0.12,0.36,0.0,0.01,0.0,0.0299,0.0007,0.0004,0.0001,0.00025,0.00025,4e-05,0.005,0.0,0.0,0.0,0.0,WeichesWasser
308,Yara Tera KRISTALON SCARLET,Pulver,1.0,0.0,0.075,0.12,0.36,0.0,0.045,0.0,0.1198,0.0015,0.0006,4e-05,0.00027,0.00027,4e-05,0.005,0.0,0.0,0.0,0.0,Weiches Wasser
309,Yara Tera KRISTALON SUPER Rot (GENA),Pulver,1.0,0.019,0.101,0.12,0.36,0.0,0.0,0.0,0.0599,0.0007,0.0004,0.0001,0.00025,0.00025,4e-05,0.005,0.0,0.0,0.0,0.0,Weiches Wasser
310,Yara Tera KRISTALON SUPER Weiß (VEGA),Pulver,1.0,0.079,0.091,0.06,0.25,0.0,0.0,0.0,0.1797,0.0007,0.0004,0.0001,2.5e-05,0.00025,4e-05,0.005,0.0,0.0,0.0,0.0,MittleresWasser
311,Yara Tera KRISTALON WEIßMARKE,Pulver,1.0,0.037,0.113,0.05,0.3,0.0,0.03,0.0,0.0599,0.0007,0.0004,0.0001,0.00025,0.00025,4e-05,0.005,0.0,0.0,0.0,0.0,WeichesWasser
312,Yara Tera TENSO COCKTAIL,Pulver,1.0,0.0,0.0,0.0,0.0,0.036,0.0,0.0,0.0,0.0384,0.0274,0.0053,0.0053,0.0052,0.0,0.0,0.0,0.0,0.0,0.0,Spurennährstoffe mit Calcium
313,Yara Tera TENSO IRON 58 ,Pulver,1.0,0.0,0.0,0.0,0.0,0.0,0.0,0.0,0.0,0.06,0.0,0.0,0.0,0.0,0.0,0.0,0.0,0.0,0.0,0.0,"Boden,Eisenchelat"
314,Yara TRACER,Flüssig,1.1,0.0,0.0,0.0,0.0,0.0,0.0,0.0,0.0,0.0057,0.006,0.0028,0.0035,0.0021,5e-05,0.0,0.0,0.0,0.0,0.0,"Blatt/Boden , Spurennährstoffe"
315,Yara UNIKA CALCIUM,Pulver,1.0,0.005,0.135,0.0,0.24,0.12,0.0,0.0,0.0,0.0,0.0,0.0,0.0,0.0,0.0,0.005,0.0,0.0,0.0,0.0,"Boden, Calciumnitrat mit Kalium"
316,Yara UNIKA PLUS,Pulver,1.0,0.0,0.135,0.0,0.45,0.0,0.0,0.0,0.0,0.0,0.0,0.0,0.0,0.0,0.0,0.005,0.0,0.0,0.0,0.0,"Boden, Kaliumnitrat"
317,Yara Vita ACTISIL,Flüssig,1.12,0.0,0.0,0.0,0.0,0.0455,0.0,0.0,0.0,0.0,0.0,0.0,0.0,0.0,0.0,0.1895,0.0,0.0,0.0128,0.0,Silciumzusatz 52% Cholinchlorid und Kalzium Chlorid umgerechnet und Cl umgerechnet. Ätzend
318,YaraTera FERTICARE CHICORÉE,Pulver,1.0,0.037,0.113,0.05,0.3,0.0,0.03,0.0,0.0898,0.0,0.0,0.0001,0.00025,0.00025,1e-05,0.005,0.0,0.0,0.0,0.0,Weiches Wasser
319,YaraTera KRISTALON gruen cal,Flüssig,1.0,0.041,0.099,0.14,0.14,0.06,0.02,0.0,0.0,0.07,0.04,0.01,0.025,0.025,0.004,0.0,0.0,0.0,0.0,0.0,gibts nicht mehr aus dem Verkehr genommen. gibts wieder.
320,YaraTera KRISTALON ROT CALCIUM,Pulver,1.0,0.001,0.114,0.11,0.24,0.097,0.01,0.0,0.0,0.0007,0.0004,0.0001,0.00025,0.00025,4e-05,0.005,0.0,0.0,0.0,0.0,"Weiches Wasser,Fertigdünger"
